,number_of_vehicles_involved,number_of_casualties,accident_severity,time_hours,day_of_week_encoded,driving_experience_encoded,educational_level_encoded,age_band_of_casualty_encoded,service_year_of_vehicle_encoded,age_band_of_driver_encoded,casualty_severity_encoded,cause_of_accident_encoded,type_of_vehicle_encoded,area_accident_occured_encoded,vehicle_movement_encoded,road_allignment_encoded,type_of_collision_encoded,pedestrian_movement_encoded,weather_conditions_encoded,types_of_junction_encoded,lanes_or_medians_encoded,road_surface_type_encoded,owner_of_vehicle_encoded,road_surface_conditions_encoded,casualty_class_encoded,light_conditions_encoded,sex_of_casualty_encoded,sex_of_driver_encoded
8096,3,2,Slight Injury,17,4,3,2,0,5,0,2,10,17,2,7,5,8,5,2,1,4,0,3,0,0,3,1,1
8097,3,2,Slight Injury,17,4,3,4,5,5,0,3,3,3,4,2,5,8,5,2,1,4,0,3,0,3,3,2,1
8098,3,2,Slight Injury,17,4,3,4,1,0,0,2,0,5,6,8,5,8,5,2,1,0,0,3,0,0,3,0,1
8099,3,2,Slight Injury,17,4,3,4,5,5,1,3,12,4,2,5,5,8,5,2,1,4,0,3,0,3,3,2,0
8100,4,4,Slight Injury,18,0,3,4,1,5,2,2,1,5,6,2,5,8,5,2,6,4,0,3,0,0,3,1,1
8101,4,4,Slight Injury,18,0,2,4,5,5,1,3,10,9,6,7,5,8,5,2,6,6,2,3,0,3,3,2,1
8102,4,4,Slight Injury,18,0,1,4,0,5,2,2,9,17,9,2,5,8,5,2,6,2,0,3,0,0,3,1,1
8103,4,4,Slight Injury,18,0,4,4,3,2,2,2,9,15,6,2,5,8,1,2,6,2,0,3,0,2,3,0,1
8104,2,2,Slight Injury,18,6,4,4,2,2,3,2,10,17,9,7,5,8,5,2,1,4,0,3,0,0,3,1,1
8105,2,2,Slight Injury,18,6,1,4,5,1,0,3,10,0,6,2,5,8,5,2,1,0,0,3,0,3,3,2,1
8106,2,2,Slight Injury,18,6,4,1,0,1,0,2,10,17,6,12,5,8,5,2,1,0,2,3,0,0,3,1,1
8107,1,1,Slight Injury,17,2,4,4,0,5,1,2,11,5,7,2,5,8,0,2,7,2,0,4,0,2,3,0,1
8108,3,1,Slight Injury,19,0,6,4,5,5,0,3,3,0,7,2,5,2,5,2,1,2,0,3,0,3,3,2,1
8109,3,1,Slight Injury,19,0,2,5,0,3,0,2,1,0,9,2,5,8,5,2,1,2,0,3,0,0,3,0,1
8110,3,1,Slight Injury,19,0,4,6,0,5,1,2,0,5,2,2,5,8,5,2,1,2,0,3,0,1,3,0,1
8111,2,2,Slight Injury,9,5,4,4,4,5,0,2,3,0,2,1,5,8,5,2,7,0,0,0,0,1,3,1,1
8112,2,2,Slight Injury,9,5,0,4,4,1,2,2,3,0,9,2,5,8,5,2,7,0,0,3,0,1,3,0,1
8113,1,1,Fatal injury,21,2,3,1,5,5,3,3,10,0,6,2,6,1,5,2,7,2,0,3,0,3,3,2,1
8114,2,1,Slight Injury,22,0,3,1,5,2,0,3,13,15,6,2,6,8,5,2,7,2,0,3,0,3,0,2,1
8115,2,1,Slight Injury,22,0,4,1,0,1,1,2,1,17,9,7,5,8,0,2,7,2,4,3,0,2,0,1,2
8116,2,2,Slight Injury,16,2,1,2,0,2,0,2,1,17,2,9,5,8,5,2,7,6,0,3,0,0,3,1,1
8117,2,2,Slight Injury,16,2,1,4,5,5,2,3,10,0,7,2,5,8,5,2,7,2,0,3,0,3,3,2,1
8118,2,1,Slight Injury,8,4,3,0,0,5,1,2,10,8,6,2,5,8,5,2,1,2,0,3,0,0,3,0,1
8119,2,1,Slight Injury,8,4,1,4,5,5,1,3,17,17,7,2,5,8,5,2,1,2,0,3,0,3,3,2,1
8120,2,2,Slight Injury,18,4,1,4,0,3,2,2,2,0,9,2,5,8,5,2,1,5,0,3,0,0,3,1,1
8121,2,2,Slight Injury,18,4,0,2,5,2,2,3,12,9,6,1,5,8,5,2,1,4,0,3,0,3,3,2,1
8122,2,1,Slight Injury,12,5,2,4,1,5,2,1,11,10,1,2,9,1,5,2,0,6,0,3,0,0,3,1,1
8123,2,1,Slight Injury,12,5,4,4,5,5,2,3,12,4,6,2,6,8,5,2,0,6,2,0,0,3,3,2,1
8124,2,2,Slight Injury,19,1,4,4,4,2,0,2,13,14,4,2,5,8,5,4,7,6,0,3,3,0,3,1,1
8125,2,2,Slight Injury,19,1,6,1,4,5,0,1,13,12,13,2,9,8,5,4,7,5,0,4,3,1,3,1,1
8126,2,2,Slight Injury,19,1,4,4,5,5,0,3,9,14,9,2,5,8,5,4,7,4,0,3,3,3,3,2,1
8127,2,1,Serious Injury,18,0,0,4,4,3,1,2,10,0,9,2,5,2,5,2,0,6,0,0,0,0,3,1,1
8128,2,1,Serious Injury,18,0,1,1,5,0,0,3,9,0,4,2,5,8,5,2,0,6,0,3,0,3,3,2,1
8129,2,1,Slight Injury,19,4,0,2,0,1,3,2,12,7,9,2,5,8,5,2,7,4,0,3,0,0,3,1,1
8130,2,1,Slight Injury,19,4,2,4,0,5,3,2,3,15,9,2,5,8,5,2,7,6,0,3,0,0,3,1,1
8131,1,1,Slight Injury,12,1,4,4,5,5,0,3,10,0,6,2,5,8,5,4,1,4,0,3,3,3,3,2,1
8132,2,1,Slight Injury,12,4,3,2,0,1,0,2,13,14,6,7,0,8,5,2,1,0,0,3,0,0,3,1,1
8133,2,1,Slight Injury,12,4,2,1,0,3,1,2,1,0,6,2,5,8,5,2,1,6,0,3,0,1,3,0,1
8134,2,1,Slight Injury,14,0,4,1,0,0,1,2,10,9,6,9,0,8,5,2,7,4,0,3,0,0,3,1,1
8135,2,1,Slight Injury,14,0,2,4,5,5,0,3,3,17,6,2,5,2,5,2,7,1,0,3,0,3,3,2,1
8136,2,1,Serious Injury,22,3,2,1,4,5,0,1,10,0,6,2,5,8,1,2,7,4,0,3,0,2,0,0,1
8137,2,1,Serious Injury,22,3,1,4,5,5,1,3,12,5,6,2,5,8,5,2,7,6,0,3,0,3,0,2,1
8138,2,1,Slight Injury,18,1,3,4,0,3,1,2,1,17,9,2,5,8,5,2,7,6,0,3,0,0,3,0,1
8139,2,1,Slight Injury,18,1,2,4,5,2,0,3,11,11,9,7,5,8,5,2,7,1,2,3,0,3,3,2,1
8140,2,1,Slight Injury,12,3,0,2,1,5,2,2,12,17,7,2,5,6,5,2,7,1,0,3,0,1,3,1,1
8141,2,1,Slight Injury,12,3,3,4,0,2,1,2,0,9,2,9,5,8,0,2,7,4,5,3,0,2,3,1,1
8142,1,1,Slight Injury,16,5,1,1,1,5,0,2,18,9,1,2,5,8,5,2,0,6,0,3,0,2,3,0,1
8143,2,1,Slight Injury,23,2,2,4,1,5,4,1,4,0,4,2,5,2,5,2,3,4,0,3,0,0,0,1,0
8144,2,1,Slight Injury,23,2,4,4,5,5,3,3,3,17,9,2,9,8,5,2,3,6,0,4,0,3,0,2,1
8145,2,2,Serious Injury,8,6,2,4,0,3,1,2,4,0,9,2,8,8,5,2,1,6,0,3,0,0,3,1,1
8146,2,2,Serious Injury,8,6,3,2,4,1,1,1,3,5,6,2,5,8,0,2,1,0,0,3,0,2,3,1,1
8147,2,2,Serious Injury,8,6,2,4,0,1,1,2,11,9,0,1,5,2,5,2,1,4,0,3,0,0,3,1,1
8148,2,1,Slight Injury,18,6,0,1,5,5,3,3,3,4,13,3,5,2,5,2,7,6,0,4,0,3,3,2,1
8149,2,1,Slight Injury,18,6,6,4,5,5,3,3,1,0,4,2,5,8,5,2,7,6,0,3,0,3,3,2,1
8150,2,1,Slight Injury,10,0,0,0,0,5,0,2,9,0,9,9,5,8,5,2,7,3,0,3,0,0,3,1,1
8151,2,1,Slight Injury,10,0,3,4,0,4,0,2,3,0,9,2,5,2,5,2,7,4,3,0,0,0,3,1,1
8152,2,2,Slight Injury,21,2,0,4,2,2,4,2,1,1,7,11,5,2,5,2,1,4,0,3,0,0,3,1,0
8153,2,2,Slight Injury,21,2,2,4,0,5,0,2,3,9,9,2,5,8,5,2,1,6,0,0,0,0,3,1,1
8154,2,2,Slight Injury,21,2,1,4,5,0,0,3,3,4,10,2,1,8,5,2,1,4,0,3,0,3,3,2,1
8155,2,3,Slight Injury,17,4,6,5,0,1,0,2,3,17,10,2,1,8,5,2,1,4,0,3,0,0,3,1,1
8156,2,3,Slight Injury,17,4,1,4,5,5,0,3,1,17,6,2,5,2,5,2,1,0,0,3,0,3,3,2,1
8157,2,3,Slight Injury,17,4,1,4,1,1,0,2,1,0,9,9,1,8,5,2,1,4,0,3,0,0,3,1,1
8158,2,1,Slight Injury,17,1,3,4,5,5,0,3,3,4,9,9,5,3,5,2,1,6,0,3,0,3,3,2,1
8159,2,1,Slight Injury,17,1,0,4,1,5,0,2,16,5,5,2,5,8,5,2,1,6,0,3,0,0,3,0,1
8160,2,1,Slight Injury,13,3,0,0,0,3,1,2,1,8,9,1,5,2,5,2,0,6,0,3,0,0,3,0,1
8161,2,1,Slight Injury,13,3,5,0,5,2,3,3,10,4,2,1,5,8,5,2,0,6,0,3,0,3,3,2,1
8162,2,1,Slight Injury,15,6,0,4,5,5,0,3,13,14,6,2,5,8,5,2,0,4,0,3,0,3,3,2,1
8163,2,1,Slight Injury,15,6,2,4,1,5,1,2,1,7,6,5,7,8,5,2,0,2,0,3,0,0,3,1,1
8164,2,2,Slight Injury,19,3,3,4,1,5,0,2,1,7,6,7,0,8,5,2,0,2,0,0,0,0,3,1,1
8165,2,2,Slight Injury,19,3,3,4,5,1,0,3,16,4,7,2,7,8,5,2,0,4,0,3,0,3,3,2,1
8166,2,2,Slight Injury,19,3,2,4,0,1,0,1,13,17,7,1,5,3,5,2,0,4,0,3,0,0,3,1,1
8167,1,1,Slight Injury,18,4,1,1,5,5,0,3,4,0,9,1,5,3,5,3,1,2,0,3,0,3,3,2,1
8168,1,1,Serious Injury,17,4,1,4,0,5,1,2,16,5,7,7,5,0,1,2,7,2,0,3,0,2,3,0,1
8169,2,1,Slight Injury,15,4,4,4,5,4,3,3,12,7,7,9,6,0,5,2,7,4,4,3,0,3,3,2,1
8170,2,1,Slight Injury,15,4,1,4,0,2,0,2,9,5,7,3,5,0,5,2,7,2,0,3,0,0,3,1,1
8171,1,1,Slight Injury,15,3,1,4,3,2,2,2,13,0,7,2,5,0,5,2,7,4,0,0,3,1,3,0,1
8172,2,1,Slight Injury,8,0,2,1,5,1,0,3,12,8,7,2,6,0,5,2,7,0,0,3,0,3,3,2,1
8173,2,1,Slight Injury,8,0,3,4,5,5,2,3,11,5,7,2,5,0,5,2,7,2,0,3,0,3,3,2,1
8174,2,7,Slight Injury,18,1,6,5,1,1,1,2,1,10,2,2,5,0,5,2,7,2,0,3,0,0,3,0,1
8175,2,7,Slight Injury,18,1,1,4,5,2,1,3,1,3,7,7,5,0,5,2,7,4,0,3,0,3,3,2,1
8176,2,7,Slight Injury,18,1,2,4,5,1,1,3,1,0,4,2,5,0,5,2,7,2,0,1,0,3,3,2,1
8177,2,7,Slight Injury,18,1,1,0,1,5,1,2,4,0,9,2,5,0,5,2,7,0,4,3,0,0,3,1,1
8178,2,7,Slight Injury,18,1,6,5,3,3,0,2,0,7,7,2,5,0,5,2,7,2,0,0,0,1,3,0,1
8179,2,7,Slight Injury,18,1,0,5,3,5,0,2,9,17,6,2,5,0,5,2,7,2,0,3,0,1,3,1,1
8180,2,7,Slight Injury,18,1,1,4,3,5,0,2,2,3,4,1,5,5,5,2,7,5,0,3,0,1,3,1,1
8181,1,1,Slight Injury,7,3,3,4,5,0,1,3,9,9,4,2,5,6,5,2,7,0,0,3,0,3,3,2,1
8182,2,1,Slight Injury,13,2,4,4,0,5,0,2,10,9,7,2,5,0,5,2,0,2,0,3,0,0,3,1,1
8183,2,1,Slight Injury,13,2,1,4,0,3,0,2,13,7,3,2,5,6,5,2,0,2,0,1,0,0,3,1,1
8184,2,2,Slight Injury,17,0,4,4,5,5,0,3,12,7,6,2,5,0,5,2,0,1,0,3,0,3,3,2,2
8185,2,2,Slight Injury,17,0,2,2,3,1,0,2,1,7,2,7,5,0,5,2,0,4,0,3,0,2,3,0,1
8186,2,1,Serious Injury,9,0,0,0,4,2,0,2,13,9,3,3,7,8,1,2,1,4,5,1,0,2,3,1,0
8187,2,1,Serious Injury,9,0,4,4,0,3,1,2,10,5,6,2,5,4,5,2,1,6,4,3,0,0,3,1,1
8188,2,1,Serious Injury,9,2,6,5,3,1,0,2,3,7,7,2,0,3,5,2,7,2,0,3,0,0,3,1,1
8189,2,1,Serious Injury,9,2,4,2,5,0,0,3,10,9,6,2,5,3,5,2,7,4,0,3,0,3,3,2,1
8190,1,1,Slight Injury,20,2,4,2,3,1,1,2,9,7,6,2,7,6,5,2,1,2,0,3,0,2,0,1,1
8191,2,1,Slight Injury,15,3,6,5,4,5,0,2,10,4,7,2,3,0,5,2,7,0,0,3,0,2,3,0,1
8192,2,1,Slight Injury,15,3,1,2,5,0,1,3,9,7,6,2,6,0,5,2,7,4,1,3,0,3,3,2,1
8193,2,1,Slight Injury,17,5,3,4,1,5,0,2,11,7,9,9,5,4,5,2,7,4,5,3,0,0,3,1,1
8194,2,1,Slight Injury,17,5,3,4,5,5,1,3,0,7,7,2,5,3,5,2,7,2,0,3,0,3,3,2,1
8195,1,1,Serious Injury,20,0,2,4,4,1,0,2,10,8,6,4,5,0,1,2,1,0,0,3,0,2,0,1,1
8196,1,1,Serious Injury,10,4,0,4,0,2,1,2,13,0,6,2,7,0,5,2,1,4,0,3,0,0,3,0,1
8197,2,1,Slight Injury,7,4,4,5,5,5,1,3,10,7,6,2,5,1,5,2,5,6,0,4,0,3,3,2,1
8198,2,1,Slight Injury,7,4,4,4,0,2,0,2,11,5,7,2,6,8,5,2,5,2,2,3,0,0,3,1,1
8199,1,1,Slight Injury,9,4,1,2,5,5,0,3,9,10,2,2,5,8,5,2,1,4,0,3,0,3,3,2,1
8200,3,1,Slight Injury,19,5,0,4,0,5,1,2,11,0,4,2,5,1,5,2,7,4,0,3,0,0,0,1,1
8201,3,1,Slight Injury,19,5,2,4,5,0,2,3,10,8,6,3,5,8,5,2,7,0,0,3,0,3,0,2,1
8202,3,1,Slight Injury,19,5,1,1,3,5,0,2,11,5,2,3,5,2,5,2,7,4,0,3,0,2,0,0,1
8203,1,1,Slight Injury,18,5,2,1,1,5,0,2,3,9,6,3,5,8,5,2,0,4,0,3,0,0,3,0,1
8204,2,1,Slight Injury,17,1,3,4,5,5,1,3,7,7,6,4,5,8,5,2,7,6,0,3,0,3,3,2,1
8205,2,1,Slight Injury,17,1,2,4,1,5,0,2,3,5,9,2,5,8,5,2,7,2,0,3,0,1,3,1,1
8206,2,1,Slight Injury,17,5,2,2,3,2,2,2,0,8,6,11,5,6,5,4,0,2,0,3,3,1,3,0,1
8207,2,1,Slight Injury,17,5,2,4,1,2,0,2,9,7,9,9,5,8,5,4,0,4,0,3,3,1,3,0,1
8208,2,1,Slight Injury,8,4,3,4,1,1,0,2,16,5,6,1,5,8,5,2,0,0,0,3,0,1,3,0,1
8209,2,1,Slight Injury,8,4,0,4,3,1,1,2,0,12,6,2,5,8,5,2,0,0,0,3,0,1,3,0,1
8210,2,1,Serious Injury,9,1,1,4,5,5,0,3,1,0,7,2,5,1,5,2,5,2,3,4,0,3,3,2,1
8211,2,1,Serious Injury,9,1,0,4,0,5,1,2,16,0,7,2,5,8,5,2,5,2,0,3,0,0,3,1,1
8212,2,2,Slight Injury,20,3,6,5,3,3,2,1,14,14,9,9,5,2,5,2,0,2,0,3,0,0,0,1,1
8213,2,2,Slight Injury,20,3,2,1,2,5,2,2,13,7,2,7,5,8,5,2,0,2,0,3,0,1,0,1,1
8214,2,2,Slight Injury,5,4,2,4,0,5,2,2,12,5,2,3,5,6,6,2,1,0,0,0,0,2,0,1,1
8215,2,2,Slight Injury,5,4,3,4,3,1,1,2,1,5,9,4,5,8,5,2,1,0,0,3,0,2,0,1,1
8216,3,3,Serious Injury,20,0,1,4,1,5,1,1,9,3,6,2,6,8,6,2,7,2,0,3,0,2,0,1,1
8217,3,3,Serious Injury,20,0,3,4,4,2,0,2,0,14,6,2,6,8,1,2,7,2,0,3,0,2,0,1,1
8218,3,3,Serious Injury,20,0,1,4,5,1,0,3,11,9,9,2,5,8,5,2,7,2,0,3,0,3,0,2,1
8219,3,1,Slight Injury,20,5,2,1,1,2,0,2,10,0,2,2,5,8,5,2,1,6,0,3,0,0,0,1,1
8220,3,1,Slight Injury,20,5,2,1,5,5,1,3,12,9,7,2,5,2,5,2,1,2,0,3,0,3,0,2,1
8221,3,1,Slight Injury,20,5,2,4,0,5,0,2,10,5,6,2,5,8,5,2,1,2,0,3,0,2,0,0,1
8222,2,1,Slight Injury,16,1,2,4,0,5,0,2,10,0,7,2,5,8,5,2,1,2,0,3,0,1,3,0,1
8223,2,1,Slight Injury,16,1,3,1,3,5,2,2,9,5,7,2,5,2,5,2,1,2,0,3,0,1,3,1,1
8224,2,1,Serious Injury,20,5,4,4,4,5,4,2,1,5,13,2,5,2,5,2,1,5,0,3,0,1,0,1,1
8225,2,1,Serious Injury,20,5,2,4,0,1,0,2,11,8,9,4,9,8,0,2,1,2,0,0,0,2,0,0,1
8226,1,1,Slight Injury,15,1,0,1,3,4,1,2,9,7,2,3,5,8,1,2,7,4,0,3,0,2,3,0,1
8227,1,1,Serious Injury,15,1,6,5,1,5,0,2,7,0,7,2,5,8,5,2,7,4,0,4,0,0,3,1,1
8228,2,1,Serious Injury,22,0,3,4,5,5,3,3,16,0,7,3,5,8,5,2,3,1,0,3,0,3,0,2,1
8229,2,1,Serious Injury,22,0,1,2,1,5,0,2,14,4,9,2,5,2,5,2,3,2,0,3,0,0,0,1,1
8230,1,1,Slight Injury,23,2,0,4,1,5,0,2,1,1,6,3,5,8,5,2,7,1,0,3,0,0,0,1,1
8231,2,2,Slight Injury,16,4,0,4,5,5,0,3,8,0,4,11,5,8,5,2,0,2,0,3,0,3,3,2,1
8232,2,2,Slight Injury,16,4,1,0,0,5,1,2,13,5,9,2,5,8,5,2,0,0,4,0,0,0,3,1,1
8233,1,1,Slight Injury,6,1,6,5,5,5,4,3,0,4,6,2,5,8,5,2,1,5,5,3,0,3,2,2,0
8234,2,2,Slight Injury,15,4,1,1,0,1,3,2,1,4,7,2,5,8,5,2,7,5,0,3,0,0,3,1,1
8235,2,2,Slight Injury,15,4,0,4,1,5,2,2,11,0,2,2,5,8,1,2,7,6,0,3,0,2,3,1,1
8236,3,1,Slight Injury,17,2,2,5,0,3,0,2,15,17,4,4,5,2,5,2,7,5,0,3,0,0,3,1,1
8237,3,1,Slight Injury,17,2,4,4,0,5,1,2,0,0,1,2,5,8,5,2,7,1,0,3,0,1,3,0,1
8238,3,1,Slight Injury,17,2,1,4,5,5,2,3,12,10,0,3,5,1,5,2,7,4,0,3,0,3,3,2,1
8239,2,3,Slight Injury,13,1,2,4,1,5,0,2,1,9,7,3,5,2,5,2,0,2,0,3,0,0,3,1,1
8240,2,3,Slight Injury,13,1,3,4,0,5,0,2,10,7,7,3,5,2,5,2,0,2,0,3,0,1,3,0,1
8241,2,3,Slight Injury,13,1,1,1,5,5,1,3,11,0,4,2,9,8,5,2,0,2,0,3,0,3,3,2,1
8242,2,1,Slight Injury,11,6,3,1,4,1,2,1,10,0,7,2,5,6,5,2,1,2,0,0,0,0,3,1,1
8243,2,1,Slight Injury,11,6,0,4,5,5,4,3,12,10,6,2,5,8,5,2,1,6,0,0,0,3,3,2,0
8244,2,1,Slight Injury,8,0,2,4,3,5,0,2,13,10,13,2,5,8,5,2,1,6,0,3,0,1,3,0,1
8245,2,1,Slight Injury,8,0,1,4,1,5,1,2,3,0,6,4,5,8,5,2,1,2,0,3,0,0,3,1,1
8246,2,1,Slight Injury,14,4,1,4,5,5,3,3,0,7,6,2,5,8,5,2,7,4,4,3,0,3,3,2,1
8247,2,1,Slight Injury,14,4,1,4,1,5,1,1,3,8,7,2,5,8,6,2,7,6,0,1,0,2,3,0,1
8248,2,1,Slight Injury,17,4,1,4,5,1,0,3,0,5,7,2,5,8,5,2,1,6,0,0,0,3,3,2,1
8249,2,1,Slight Injury,17,4,3,4,1,5,1,2,12,0,7,7,5,8,5,2,1,4,0,3,0,0,3,0,1
8250,2,1,Slight Injury,7,0,3,4,0,3,3,2,10,0,7,3,5,8,5,4,7,6,0,3,3,0,3,1,1
8251,2,1,Slight Injury,7,0,2,1,5,5,0,3,1,5,9,2,5,2,5,4,7,4,0,4,3,3,3,2,1
8252,2,1,Slight Injury,4,6,6,5,1,1,4,1,1,17,2,2,5,8,5,4,7,4,0,3,3,0,0,1,0
8253,2,1,Slight Injury,4,6,1,5,5,1,0,3,2,7,6,7,5,8,5,4,7,0,0,3,3,3,0,2,1
8254,2,1,Slight Injury,10,2,2,1,1,1,0,2,10,0,2,2,5,8,5,4,0,6,0,3,3,0,3,1,1
8255,2,1,Slight Injury,10,2,2,4,5,1,1,3,1,0,7,7,5,8,5,4,0,2,0,3,3,3,3,2,1
8256,2,1,Slight Injury,17,0,3,4,1,3,0,2,0,0,9,4,5,1,1,4,1,5,4,3,3,2,0,0,1
8257,2,1,Slight Injury,17,0,2,4,5,2,2,3,7,0,6,11,5,8,5,4,1,4,0,3,3,3,0,2,1
8258,3,1,Slight Injury,13,0,3,4,1,5,0,2,13,5,1,2,9,8,5,4,7,6,0,3,3,0,3,1,1
8259,3,1,Slight Injury,13,0,4,1,5,5,2,3,13,7,6,2,6,8,5,4,7,6,5,0,3,3,3,2,1
8260,3,1,Slight Injury,13,0,2,1,1,2,0,2,10,8,4,2,5,8,5,4,7,6,0,3,3,0,3,1,1
8261,2,1,Slight Injury,1,6,0,1,5,5,0,3,12,14,13,2,9,8,5,2,0,5,0,4,0,3,0,2,1
8262,2,1,Slight Injury,1,6,2,1,0,5,1,2,16,7,9,2,5,8,5,2,0,4,0,3,0,0,0,1,1
8263,1,1,Slight Injury,17,6,2,1,0,3,2,2,11,8,9,2,5,2,5,2,1,6,2,0,0,2,0,1,1
8264,2,1,Slight Injury,19,6,1,1,3,0,0,2,10,14,4,2,5,8,1,2,7,6,0,3,3,2,0,1,1
8265,2,1,Slight Injury,19,6,2,1,5,1,0,3,1,5,9,2,5,8,5,2,7,4,0,3,3,3,0,2,1
8266,2,1,Slight Injury,11,3,2,5,0,5,0,2,3,0,9,2,5,8,5,2,7,6,0,3,3,0,3,1,1
8267,2,1,Slight Injury,11,3,3,4,5,5,0,3,1,17,6,2,5,8,5,2,7,4,0,3,3,3,3,2,1
8268,2,2,Slight Injury,20,6,3,4,1,1,3,2,16,0,6,2,0,8,5,2,0,0,0,3,3,0,0,1,2
8269,2,2,Slight Injury,20,6,4,1,5,3,1,3,13,0,6,2,5,8,5,2,0,6,0,3,3,3,0,2,1
8270,2,1,Serious Injury,18,6,2,1,0,0,4,2,4,16,6,2,0,8,5,0,7,4,0,3,0,0,0,1,0
8271,2,1,Serious Injury,18,6,2,1,0,5,2,2,2,17,6,2,5,8,3,0,7,1,0,3,0,2,0,0,1
8272,3,2,Slight Injury,11,2,1,1,4,5,0,2,19,14,6,2,5,6,5,2,7,4,0,3,0,0,3,1,1
8273,3,2,Slight Injury,11,2,3,1,4,5,2,2,1,0,6,3,5,8,5,2,7,6,0,3,0,1,3,1,1
8274,3,2,Slight Injury,11,2,1,1,5,3,2,3,10,0,9,2,5,8,5,2,7,6,0,3,0,3,3,2,1
8275,3,2,Slight Injury,11,2,3,4,5,2,0,3,13,0,9,2,5,8,5,2,7,1,0,3,0,3,3,2,1
8276,1,1,Serious Injury,17,6,4,4,1,5,4,2,12,8,7,2,5,2,5,2,1,1,0,3,3,1,0,0,0
8277,2,1,Slight Injury,7,6,1,4,5,2,1,3,0,5,2,11,5,8,5,4,0,4,0,3,3,3,3,2,1
8278,2,1,Slight Injury,7,6,2,1,1,5,1,1,11,5,1,9,5,8,1,4,0,6,0,3,3,2,3,1,1
8279,2,1,Slight Injury,18,6,2,1,0,5,1,2,16,0,4,2,5,8,5,4,0,4,0,3,3,1,0,0,1
8280,2,1,Slight Injury,18,6,0,1,0,5,1,2,3,5,9,2,9,2,5,4,0,6,0,4,3,1,0,1,1
8281,2,1,Slight Injury,13,3,6,1,5,3,1,3,12,5,9,2,8,8,5,2,7,6,2,3,0,3,3,2,1
8282,2,1,Slight Injury,13,3,0,4,4,1,2,2,11,5,6,2,5,8,5,2,7,0,0,3,0,0,3,1,1
8283,1,1,Slight Injury,16,5,2,5,5,1,1,3,1,5,0,2,5,8,5,4,7,4,0,3,3,3,0,2,1
8284,1,1,Slight Injury,8,6,0,1,5,5,1,3,3,0,13,2,5,8,5,4,7,6,0,4,3,3,3,2,1
8285,2,1,Serious Injury,16,6,2,4,1,5,1,2,1,0,4,2,5,2,5,4,7,6,0,3,3,0,0,1,0
8286,2,1,Serious Injury,16,6,1,4,5,5,0,3,1,0,9,2,5,8,5,4,7,3,0,3,3,3,0,2,1
8287,1,1,Serious Injury,22,2,1,4,0,4,1,1,0,10,9,2,5,8,5,8,1,4,0,0,3,0,0,1,1
8288,2,3,Slight Injury,13,2,2,4,0,2,1,2,17,0,7,9,5,8,5,2,7,4,0,3,3,0,3,1,1
8289,2,3,Slight Injury,13,2,4,4,5,5,0,3,3,10,9,11,5,8,5,2,7,6,0,0,3,3,3,2,1
8290,2,3,Slight Injury,13,2,4,2,5,0,0,3,10,10,10,7,1,8,5,2,7,4,0,3,3,3,3,2,1
8291,2,2,Slight Injury,13,2,6,4,1,1,0,2,3,0,10,4,1,1,5,0,5,4,0,3,0,0,3,0,1
8292,2,2,Slight Injury,13,2,4,4,0,5,0,2,0,4,6,2,5,8,5,0,5,0,2,3,0,0,3,1,1
8293,2,2,Slight Injury,13,2,1,4,1,1,0,2,12,0,9,2,1,8,5,0,5,4,0,3,0,1,3,1,0
8294,2,1,Slight Injury,15,0,1,4,5,5,1,3,1,5,9,9,5,2,5,2,7,6,0,3,0,3,3,2,1
8295,2,1,Slight Injury,15,0,2,4,5,5,1,3,10,7,5,4,5,8,5,2,7,6,0,3,0,3,3,2,1
8296,2,1,Slight Injury,20,5,2,1,5,3,0,3,9,8,9,2,5,8,5,2,7,6,0,3,0,3,0,2,1
8297,2,1,Slight Injury,20,5,2,5,0,2,0,2,9,4,2,2,5,1,5,2,7,6,0,3,0,0,0,1,1
8298,1,1,Slight Injury,18,3,2,4,5,5,0,3,10,6,6,4,5,8,5,4,7,4,0,3,3,3,0,2,1
8299,2,1,Slight Injury,9,5,2,4,0,5,0,2,10,8,6,2,7,8,5,2,1,2,0,3,0,0,3,1,1
8300,2,1,Slight Injury,9,5,1,3,1,5,2,2,10,4,6,9,0,1,5,2,1,2,0,0,0,2,3,1,1
8301,2,1,Slight Injury,19,1,2,4,1,1,1,2,11,4,7,2,7,1,5,2,0,4,3,3,3,0,0,1,1
8302,2,1,Slight Injury,19,1,4,4,5,1,0,3,3,0,7,9,5,1,5,2,0,4,0,3,3,3,0,2,1
8303,2,2,Slight Injury,19,3,0,4,0,5,0,2,1,0,9,2,5,2,5,2,0,2,0,3,0,2,2,0,1
8304,2,2,Slight Injury,19,3,1,1,5,5,0,3,0,7,7,3,5,8,5,2,0,2,0,3,0,3,2,2,1
8305,2,2,Slight Injury,19,3,1,1,1,4,0,2,3,7,7,11,6,8,5,2,0,4,0,3,0,0,2,1,1
8306,2,1,Slight Injury,13,6,2,1,5,2,0,3,3,0,7,2,5,8,5,2,7,2,0,3,3,3,3,2,1
8307,2,1,Slight Injury,13,6,2,4,4,2,2,2,10,15,7,2,5,8,5,2,7,4,0,0,3,0,3,0,1