,number_of_vehicles_involved,number_of_casualties,accident_severity,time_hours,day_of_week_encoded,driving_experience_encoded,educational_level_encoded,age_band_of_casualty_encoded,service_year_of_vehicle_encoded,age_band_of_driver_encoded,casualty_severity_encoded,cause_of_accident_encoded,type_of_vehicle_encoded,area_accident_occured_encoded,vehicle_movement_encoded,road_allignment_encoded,type_of_collision_encoded,pedestrian_movement_encoded,weather_conditions_encoded,types_of_junction_encoded,lanes_or_medians_encoded,road_surface_type_encoded,owner_of_vehicle_encoded,road_surface_conditions_encoded,casualty_class_encoded,light_conditions_encoded,sex_of_casualty_encoded,sex_of_driver_encoded
9159,2,2,Slight Injury,10,4,2,4,0,3,2,2,0,5,6,2,5,8,5,2,7,4,0,3,0,0,3,1,1
9160,2,2,Slight Injury,10,4,3,4,4,3,2,2,1,6,9,2,5,2,1,2,7,4,0,3,0,2,3,0,1
9161,2,2,Slight Injury,10,4,1,4,3,3,2,1,5,0,7,2,3,8,5,2,7,1,0,3,0,2,3,1,1
9162,2,3,Serious Injury,18,2,3,4,4,3,0,2,3,0,9,10,5,8,5,2,0,2,3,3,0,2,0,1,1
9163,2,3,Serious Injury,18,2,1,4,5,2,1,3,10,0,9,2,5,8,5,2,0,4,0,3,0,3,0,2,1
9164,2,3,Serious Injury,18,2,2,1,0,5,1,2,12,14,9,2,5,2,5,2,0,2,0,3,0,0,0,1,1
9165,2,3,Serious Injury,18,2,2,1,5,0,1,3,12,17,7,2,5,2,5,2,0,6,0,3,0,3,0,2,1
9166,1,1,Slight Injury,8,6,2,4,1,2,1,2,12,11,7,2,5,8,5,2,1,4,0,3,0,0,3,1,1
9167,1,1,Slight Injury,2,2,2,4,5,2,0,3,0,11,7,2,5,8,5,2,1,1,0,3,0,3,0,2,1
9168,2,1,Slight Injury,17,1,3,1,4,0,1,2,9,14,3,2,5,2,5,2,7,4,0,3,0,0,3,1,1
9169,2,1,Slight Injury,17,1,4,4,0,1,0,2,3,0,9,8,5,2,5,2,7,4,0,3,0,0,3,1,1
9170,2,1,Slight Injury,18,6,2,4,5,2,1,3,5,2,9,9,5,8,5,2,1,1,0,3,0,3,0,2,1
9171,2,1,Slight Injury,18,6,0,1,5,2,1,3,1,0,9,1,5,1,5,2,1,4,0,3,0,3,0,2,1
9172,2,1,Slight Injury,19,0,6,5,0,0,1,2,12,5,7,3,5,8,5,2,7,2,1,3,0,0,0,1,1
9173,2,1,Slight Injury,19,0,3,4,1,0,2,2,1,0,6,3,5,8,5,2,7,2,0,3,0,2,0,1,1
9174,1,1,Slight Injury,20,5,1,2,4,1,1,2,4,10,7,2,5,8,5,2,7,6,0,3,0,0,0,1,1
9175,2,1,Slight Injury,17,6,0,4,5,5,1,3,9,13,6,9,5,8,5,4,3,0,0,3,3,3,0,2,1
9176,2,1,Slight Injury,17,6,0,4,5,5,0,3,12,0,9,2,5,8,5,4,3,2,0,3,3,3,0,2,1
9177,2,1,Slight Injury,8,4,1,0,0,5,1,2,10,10,6,2,1,2,5,2,7,0,0,3,0,0,3,0,1
9178,2,1,Slight Injury,8,4,3,4,5,5,1,3,3,17,6,10,5,2,5,2,7,0,0,3,0,3,3,2,1
9179,2,1,Slight Injury,10,1,1,1,0,5,2,1,0,5,7,2,5,8,5,2,7,0,0,1,0,0,3,1,1
9180,2,1,Slight Injury,10,1,2,4,1,5,0,2,12,5,6,2,5,8,5,2,7,2,0,3,0,0,3,1,1
9181,1,1,Slight Injury,11,0,4,4,5,5,2,3,12,9,6,10,5,8,5,2,1,5,0,3,3,3,3,2,1
9182,2,1,Slight Injury,7,4,2,4,5,5,2,3,10,5,6,8,5,8,5,2,7,1,0,0,0,3,3,2,1
9183,2,1,Slight Injury,7,4,3,2,1,5,2,2,4,5,7,2,5,8,5,2,7,4,0,3,0,0,3,1,1
9184,2,2,Slight Injury,17,1,2,4,5,5,0,3,3,9,9,3,5,8,5,2,7,5,0,3,3,3,0,2,1
9185,2,2,Slight Injury,17,1,0,1,0,1,0,2,3,11,9,1,1,8,5,2,7,2,0,3,3,0,0,1,1
9186,3,1,Slight Injury,17,5,6,4,0,2,0,2,1,0,2,2,5,8,1,2,7,2,0,3,0,2,3,0,1
9187,3,1,Slight Injury,17,5,0,0,1,2,0,2,3,8,7,2,5,8,5,2,7,2,0,3,0,0,3,1,1
9188,3,1,Slight Injury,17,5,3,4,1,5,0,2,0,14,9,9,5,8,5,2,7,2,0,3,0,1,3,0,1
9189,2,1,Slight Injury,8,6,0,4,0,1,2,2,3,7,7,3,5,5,5,2,7,4,0,3,0,0,3,0,1
9190,2,1,Slight Injury,8,6,2,4,1,1,2,2,3,17,9,2,5,8,5,2,7,4,0,3,0,1,3,0,1
9191,2,3,Slight Injury,12,2,1,4,3,1,0,2,5,0,9,3,5,2,1,2,0,2,0,3,0,2,3,1,1
9192,2,3,Slight Injury,12,2,6,5,2,2,0,2,3,14,7,2,5,8,0,2,0,2,0,3,0,2,3,1,1
9193,2,3,Slight Injury,12,2,1,4,4,5,0,2,10,8,7,11,5,8,5,2,0,2,0,4,0,0,3,1,1
9194,1,1,Slight Injury,18,2,1,4,4,5,1,2,3,5,7,2,5,8,5,2,1,4,0,3,0,1,0,1,1
9195,2,1,Slight Injury,11,3,3,4,1,5,2,2,4,0,7,11,5,8,5,2,7,0,0,3,0,1,3,0,1
9196,2,1,Slight Injury,11,3,0,4,5,5,0,3,16,17,9,2,5,8,5,2,7,2,0,3,0,3,3,2,1
9197,2,1,Slight Injury,11,4,0,0,5,1,0,3,10,5,1,11,5,8,5,4,1,4,0,3,3,3,3,2,1
9198,2,1,Slight Injury,11,4,5,0,0,5,1,2,3,5,7,2,5,2,5,4,1,6,0,3,3,0,3,1,1
9199,2,1,Slight Injury,7,0,0,4,5,5,1,3,12,5,6,2,5,2,5,4,7,4,0,3,3,3,3,2,1
9200,2,1,Slight Injury,7,0,2,4,4,5,1,2,12,8,7,2,5,8,5,4,7,4,0,4,3,0,3,1,1
9201,2,2,Slight Injury,10,5,3,4,3,5,2,1,12,8,6,2,5,2,5,2,7,4,0,3,0,1,3,0,1
9202,2,2,Slight Injury,10,5,3,4,5,5,2,3,12,0,6,2,5,2,5,2,7,1,0,3,0,3,3,2,1
9203,2,1,Slight Injury,21,5,2,4,3,5,0,2,10,7,6,4,5,8,5,2,7,4,0,3,3,2,0,1,1
9204,2,1,Slight Injury,21,5,1,1,5,5,1,3,9,17,7,4,5,8,5,2,7,4,0,3,3,3,0,2,1
9205,2,2,Slight Injury,9,0,1,4,0,5,2,2,10,0,7,2,5,2,5,4,7,0,0,0,3,0,3,1,1
9206,2,2,Slight Injury,9,0,4,4,2,5,2,2,0,6,6,2,5,8,5,4,7,3,0,3,3,1,3,0,1
9207,2,2,Slight Injury,9,0,1,4,5,5,1,3,0,0,9,1,5,8,5,4,7,6,0,3,3,3,3,2,1
9208,2,1,Slight Injury,20,6,1,4,0,1,0,2,11,0,1,2,5,8,5,0,7,4,0,0,3,0,0,1,1
9209,2,1,Slight Injury,20,6,2,1,4,0,0,2,9,9,7,2,5,8,5,0,7,6,0,3,3,0,0,1,1
9210,2,1,Slight Injury,17,5,3,4,5,3,1,3,0,3,9,2,5,8,5,4,7,6,0,3,3,3,0,2,1
9211,2,1,Slight Injury,17,5,6,5,1,5,3,2,10,17,7,2,5,8,5,4,7,6,0,3,3,0,0,1,1
9212,2,2,Slight Injury,15,3,1,4,5,5,0,3,12,0,7,2,5,1,5,4,1,6,0,3,3,3,3,2,1
9213,2,2,Slight Injury,15,3,2,4,0,2,1,2,1,11,7,1,5,8,5,4,1,1,0,3,3,0,3,1,1
9214,2,2,Slight Injury,15,3,1,0,5,5,1,3,10,8,7,2,5,2,5,4,1,2,0,3,3,3,3,2,1
9215,1,1,Serious Injury,15,6,6,5,1,1,2,2,10,5,7,2,5,8,5,4,7,6,0,3,3,0,3,0,1
9216,3,2,Slight Injury,15,5,0,5,5,5,0,3,7,0,12,4,5,8,5,2,0,4,0,3,0,3,3,2,1
9217,3,2,Slight Injury,15,5,1,4,0,5,2,2,11,10,6,2,5,8,5,2,0,2,0,3,0,0,3,1,1
9218,3,2,Slight Injury,15,5,3,4,5,5,2,3,0,0,6,2,5,8,5,2,0,2,0,3,0,3,3,2,1
9219,3,2,Slight Injury,15,5,4,4,1,2,1,2,10,11,6,2,5,8,5,2,0,2,0,3,0,0,3,0,1
9220,1,1,Slight Injury,11,4,1,4,5,5,2,3,3,9,12,2,5,8,5,2,1,5,0,3,0,3,3,2,1
9221,1,1,Slight Injury,18,5,4,4,1,5,4,2,10,0,12,2,5,8,5,8,1,4,0,0,3,0,0,0,0
9222,1,1,Serious Injury,23,0,2,2,5,5,0,3,1,5,6,7,5,8,5,2,0,2,0,3,0,3,0,2,1
9223,2,5,Slight Injury,22,1,0,0,0,5,0,2,16,0,6,4,5,8,5,2,7,2,0,3,3,0,0,1,1
9224,2,5,Slight Injury,22,1,4,4,5,3,3,3,3,8,12,2,5,2,5,2,7,2,0,0,3,3,0,2,1
9225,2,5,Slight Injury,22,1,6,5,3,0,3,2,9,9,13,2,5,8,5,2,7,2,0,3,3,2,0,0,1
9226,2,5,Slight Injury,22,1,4,2,1,3,3,2,10,0,7,2,5,2,5,2,7,2,0,3,3,2,0,1,1
9227,2,5,Slight Injury,22,1,4,2,1,4,3,2,16,0,7,2,5,8,5,2,7,4,0,3,3,0,0,1,1
9228,2,1,Slight Injury,18,1,6,5,5,3,0,3,3,0,7,2,5,8,5,4,1,2,0,3,3,3,0,2,1
9229,2,1,Slight Injury,18,1,1,2,0,5,0,2,3,14,9,2,5,7,5,4,1,4,0,3,3,0,0,1,1
9230,2,1,Slight Injury,8,4,3,4,0,0,1,2,9,7,7,2,5,1,5,4,7,4,0,0,3,1,3,1,1
9231,2,1,Slight Injury,8,4,3,4,5,0,0,3,3,7,7,2,5,8,5,4,7,4,0,3,3,3,3,2,1
9232,2,1,Slight Injury,4,2,2,4,0,5,0,2,4,7,4,2,5,8,5,7,1,4,0,3,3,0,0,1,1
9233,2,1,Slight Injury,4,2,0,4,5,5,2,3,0,10,1,3,5,8,5,7,1,4,0,3,3,3,0,2,1
9234,2,1,Slight Injury,18,1,4,5,4,3,0,2,10,5,2,3,5,1,0,4,7,2,0,3,3,2,1,0,1
9235,2,1,Slight Injury,18,1,4,4,5,5,0,3,10,9,6,9,5,2,5,4,7,2,0,3,3,3,1,2,1
9236,2,1,Slight Injury,10,5,1,2,0,5,3,2,1,0,7,4,5,7,5,2,7,2,0,3,0,0,3,0,1
9237,2,1,Slight Injury,10,5,0,4,5,5,2,3,5,0,6,4,5,8,5,2,7,4,1,3,0,3,3,2,1
9238,2,1,Slight Injury,12,5,2,4,1,5,2,2,1,14,6,2,5,7,5,2,7,2,0,3,0,2,3,0,1
9239,2,1,Slight Injury,12,5,1,1,1,5,0,2,0,5,7,2,5,7,5,2,7,2,0,3,0,0,3,1,1
9240,1,1,Slight Injury,12,5,2,1,5,3,0,3,9,5,9,4,5,7,5,2,0,4,0,3,0,3,3,2,1
9241,3,1,Slight Injury,21,1,3,4,4,3,1,2,10,5,6,4,7,8,5,2,7,6,0,3,0,0,0,1,1
9242,3,1,Slight Injury,21,1,2,4,5,3,4,3,1,11,9,2,5,8,5,2,7,6,3,3,0,3,0,2,0
9243,3,1,Slight Injury,21,1,2,2,5,5,4,3,9,9,12,7,5,2,5,2,7,2,0,4,0,3,0,2,0
9244,1,1,Slight Injury,9,4,2,4,0,3,0,1,10,7,6,4,2,2,0,2,1,2,0,3,3,2,3,0,1
9245,3,1,Slight Injury,16,2,3,4,1,2,4,2,4,9,7,9,5,8,2,2,7,6,0,3,3,2,0,0,0
9246,3,1,Slight Injury,16,2,0,4,4,3,0,2,4,7,7,2,5,8,5,2,7,4,0,3,3,2,0,1,1
9247,3,1,Slight Injury,16,2,1,4,0,3,0,2,9,9,2,2,5,8,5,2,7,6,0,3,3,0,0,1,1
9248,2,1,Slight Injury,16,5,0,4,5,5,0,3,9,14,6,2,5,8,5,2,1,2,0,3,0,3,1,2,1
9249,2,1,Slight Injury,16,5,6,5,1,5,0,1,16,0,7,2,5,8,1,2,1,2,0,3,0,2,1,1,1
9250,1,1,Slight Injury,7,2,2,1,3,5,1,1,3,5,6,2,6,6,5,8,7,2,0,3,3,0,0,0,1
9251,1,1,Slight Injury,23,4,2,4,3,5,0,2,0,13,6,2,5,8,5,2,7,2,0,3,3,1,0,0,1
9252,2,1,Slight Injury,17,5,3,4,4,3,2,2,5,5,6,2,2,2,6,2,0,2,0,3,3,2,0,1,1
9253,2,1,Slight Injury,17,5,1,4,0,3,1,2,10,5,2,2,2,1,0,2,0,4,0,3,3,2,0,0,1
9254,1,1,Slight Injury,20,4,3,4,5,3,1,3,9,11,6,2,1,8,5,2,7,4,0,3,3,3,0,2,1
9255,2,1,Serious Injury,18,5,1,4,0,2,0,2,0,0,7,4,1,8,5,2,1,0,0,3,0,0,0,1,1
9256,2,1,Serious Injury,18,5,2,1,5,5,0,3,1,0,7,2,5,8,5,2,1,2,0,3,0,3,0,2,1
9257,1,1,Slight Injury,8,6,2,1,0,2,1,2,10,0,2,2,7,8,5,2,1,5,0,3,3,0,3,1,1
9258,1,1,Serious Injury,13,5,2,4,0,0,1,2,2,11,12,3,5,8,5,2,7,4,0,3,0,0,3,1,1
9259,2,1,Slight Injury,19,5,2,4,5,5,0,3,1,4,2,2,5,8,5,4,7,2,0,4,3,3,0,2,1
9260,2,1,Slight Injury,19,5,3,1,1,3,0,2,12,8,6,3,5,8,1,4,7,4,0,3,3,2,0,0,1
9261,2,1,Slight Injury,17,4,4,4,5,1,1,3,10,4,7,4,5,2,5,0,7,6,0,3,3,3,0,2,1
9262,2,1,Slight Injury,17,4,2,4,0,3,0,2,18,8,2,2,4,6,5,0,7,2,0,3,3,0,0,0,1
9263,1,1,Slight Injury,15,0,0,1,0,0,0,2,10,13,7,7,5,8,5,2,7,0,2,0,3,1,3,0,1
9264,2,2,Slight Injury,13,1,6,5,0,3,2,2,1,4,7,2,5,1,5,4,1,0,0,0,3,0,3,1,1
9265,2,2,Slight Injury,13,1,3,4,3,2,2,2,10,17,6,4,1,8,5,4,1,2,0,1,3,0,3,1,1
9266,2,2,Slight Injury,8,4,1,2,5,3,3,3,0,17,7,4,5,8,5,2,7,2,0,1,0,3,3,2,1
9267,2,2,Slight Injury,8,4,0,4,5,1,2,3,3,5,7,4,5,1,5,2,7,2,0,3,0,3,3,2,1
9268,1,1,Slight Injury,19,0,0,4,0,5,1,2,1,7,9,8,5,1,5,8,1,2,0,0,0,0,0,1,1
9269,2,1,Slight Injury,23,0,1,0,1,1,3,1,12,7,6,4,5,8,5,4,0,2,0,3,3,0,0,1,1
9270,2,1,Slight Injury,23,0,6,5,5,1,0,3,10,0,2,4,5,8,5,4,0,1,0,3,3,3,0,2,1
9271,1,1,Fatal injury,18,4,1,1,0,0,1,2,11,7,13,4,5,8,5,2,7,4,0,3,0,0,0,1,1
9272,2,1,Slight Injury,8,6,0,4,0,3,0,2,11,0,0,2,3,8,5,4,1,6,0,3,3,0,3,1,1
9273,2,1,Slight Injury,8,6,2,5,5,3,0,3,12,10,9,2,5,8,5,4,1,5,1,3,3,3,3,2,1
9274,2,1,Slight Injury,23,4,4,4,0,2,0,2,0,5,6,2,5,2,5,3,7,4,0,3,2,0,0,1,1
9275,2,1,Slight Injury,23,4,1,4,5,5,1,3,0,17,1,2,9,8,5,3,7,6,0,3,2,3,0,2,1
9276,3,1,Slight Injury,16,5,2,4,1,5,1,2,10,0,6,2,6,8,5,2,7,6,0,0,0,0,3,1,1
9277,3,1,Slight Injury,16,5,3,4,5,2,1,3,12,17,4,2,5,8,5,2,7,6,0,3,0,3,3,2,1
9278,3,1,Slight Injury,16,5,1,1,1,5,1,2,10,5,13,2,9,8,5,2,7,5,0,4,0,0,3,1,1
9279,2,1,Slight Injury,21,6,3,1,4,5,3,2,10,17,9,2,5,8,5,2,1,4,0,3,0,1,0,0,1
9280,2,1,Slight Injury,21,6,0,4,1,3,0,2,1,5,9,2,5,8,5,2,1,6,0,0,0,1,0,0,1
9281,2,1,Slight Injury,13,0,2,4,5,0,2,3,0,15,4,2,5,8,5,2,1,6,0,3,0,3,3,2,1
9282,2,1,Slight Injury,13,0,1,4,1,1,0,2,10,5,9,2,5,8,5,2,1,4,0,3,0,0,3,1,1
9283,1,1,Serious Injury,10,5,1,4,5,5,2,3,17,5,9,7,5,8,5,2,7,6,0,3,0,3,3,2,1
9284,2,1,Slight Injury,13,2,1,4,4,5,3,2,12,7,6,2,5,8,5,2,7,4,0,3,3,1,3,1,1
9285,2,1,Slight Injury,13,2,1,4,5,1,1,3,9,14,6,4,0,8,5,2,7,0,0,3,3,3,3,2,1
9286,1,1,Serious Injury,20,2,3,4,1,3,1,2,5,14,6,11,5,8,5,2,0,6,0,3,0,1,0,0,1
9287,1,1,Slight Injury,5,4,3,4,1,0,1,1,9,5,6,1,0,8,5,2,1,4,0,3,3,0,0,1,1
9288,1,2,Slight Injury,16,1,2,1,5,5,0,3,1,5,6,2,5,8,5,2,1,1,0,3,0,3,3,2,1
9289,1,2,Slight Injury,16,1,6,5,5,5,0,3,15,7,6,2,5,8,5,2,1,4,0,3,0,3,3,2,1
9290,1,1,Serious Injury,15,4,1,5,0,5,4,2,5,0,6,2,5,2,5,2,7,6,0,3,3,0,3,1,0
9291,1,2,Serious Injury,20,0,2,1,0,3,0,2,3,17,9,2,5,8,5,7,0,6,0,3,0,0,0,1,1
9292,1,2,Serious Injury,20,0,2,4,0,2,0,1,10,15,9,9,5,8,5,7,0,1,5,3,0,0,0,1,1
9293,1,1,Slight Injury,15,5,3,4,4,5,2,2,12,5,7,0,5,8,5,2,5,1,0,3,0,1,3,0,1
9294,2,1,Slight Injury,19,6,2,4,5,2,2,3,15,7,2,0,5,8,5,2,1,4,0,3,3,3,0,2,1
9295,2,1,Slight Injury,19,6,3,4,5,5,1,3,5,0,1,0,5,1,5,2,1,6,0,3,3,3,0,2,1
9296,1,1,Slight Injury,15,2,4,1,1,5,0,2,1,11,4,0,5,8,5,2,7,4,0,3,3,0,3,1,1
9297,1,1,Serious Injury,16,0,2,1,0,5,2,2,1,14,9,4,9,8,6,2,1,6,0,4,0,2,3,0,1
9298,1,1,Serious Injury,17,5,0,1,5,3,2,3,1,0,9,0,8,8,5,2,7,6,0,3,0,3,0,2,1
9299,3,2,Fatal injury,13,0,2,1,0,1,2,2,1,5,6,9,5,8,5,2,1,0,0,3,0,0,3,1,1
9300,3,2,Fatal injury,13,0,2,1,0,1,2,2,9,7,0,0,5,8,6,2,1,4,0,3,0,2,3,1,1
9301,3,2,Fatal injury,13,0,1,1,0,5,1,2,10,10,13,0,5,8,5,2,1,6,0,4,0,0,3,1,1
9302,3,2,Fatal injury,13,0,2,1,0,5,0,2,15,7,4,0,5,8,5,2,1,6,0,3,0,0,3,0,1
9303,1,1,Slight Injury,15,4,2,5,5,5,0,3,10,7,9,0,5,8,5,2,1,3,0,3,0,3,3,2,1
9304,2,1,Serious Injury,9,1,3,4,4,4,0,2,3,12,9,0,5,1,0,2,7,4,0,0,0,2,3,1,1
9305,2,1,Serious Injury,9,1,3,4,0,2,4,2,10,5,7,4,5,8,5,2,7,4,0,3,0,0,3,1,0
9306,3,1,Slight Injury,14,0,4,1,5,5,1,3,10,5,9,2,5,8,5,2,1,6,0,0,0,3,3,2,1
9307,3,1,Slight Injury,14,0,2,1,0,0,2,2,10,8,10,2,1,8,5,2,1,4,0,3,0,2,3,0,1
9308,3,1,Slight Injury,14,0,2,1,5,1,1,3,1,4,10,4,1,8,5,2,1,4,0,3,0,3,3,2,1
9309,2,1,Slight Injury,16,3,1,1,0,5,3,2,10,0,6,2,5,2,5,2,7,0,0,3,0,0,3,1,1
9310,2,1,Slight Injury,16,3,3,1,0,1,4,2,12,0,9,2,1,8,7,2,7,4,0,3,0,2,3,1,0
9311,4,1,Slight Injury,14,4,1,1,0,5,2,2,0,8,9,2,5,8,5,2,1,6,0,3,0,1,3,0,1
9312,4,1,Slight Injury,14,4,3,4,5,5,1,3,9,0,5,2,5,8,5,2,1,6,0,3,0,3,3,2,1
9313,4,1,Slight Injury,14,4,4,4,3,3,3,2,3,7,9,2,5,8,5,2,1,6,0,3,0,1,3,1,1
9314,4,1,Slight Injury,14,4,1,4,0,2,4,2,0,5,2,7,5,8,5,2,1,6,0,3,0,0,3,1,0
9315,2,1,Slight Injury,13,1,2,1,1,5,4,2,11,10,6,3,5,8,1,2,1,4,0,3,0,2,3,0,0
9316,2,1,Slight Injury,13,1,2,1,5,5,1,3,10,8,6,5,7,8,5,2,1,2,0,3,0,3,3,2,1
9317,1,1,Slight Injury,8,5,0,1,0,5,0,2,10,14,6,2,0,2,5,2,1,2,0,0,3,0,3,1,1
9318,3,2,Slight Injury,0,6,6,1,0,1,3,2,17,7,7,2,7,8,5,2,1,4,0,3,0,0,2,1,1
9319,3,2,Slight Injury,0,6,0,4,0,1,3,2,10,8,7,2,5,8,5,2,1,4,0,3,0,0,2,1,1
9320,3,2,Slight Injury,0,6,2,5,5,5,4,3,6,10,9,2,5,8,5,2,1,2,0,3,0,3,2,2,0
9321,3,2,Slight Injury,0,6,0,1,0,5,4,2,9,9,7,2,5,8,5,2,1,2,0,3,0,0,2,1,0
9322,2,1,Slight Injury,15,6,2,4,5,4,0,3,11,5,7,2,6,6,5,2,1,4,0,3,0,3,3,2,1
9323,2,1,Slight Injury,15,6,1,4,1,2,1,2,0,8,7,2,5,8,5,2,1,2,0,3,0,0,3,1,1
9324,2,1,Slight Injury,8,6,1,4,5,2,1,3,0,5,7,2,5,8,5,3,7,4,0,0,0,3,3,2,1
9325,2,1,Slight Injury,8,6,2,4,5,1,2,3,7,8,7,2,6,2,5,3,7,0,0,3,0,3,3,2,1
9326,1,2,Slight Injury,20,2,4,4,0,5,1,1,10,3,7,2,5,8,5,2,7,2,0,3,3,0,0,1,1
9327,1,2,Slight Injury,20,2,4,2,5,1,1,3,1,17,2,2,5,8,5,2,7,2,0,3,3,3,0,2,1
9328,1,4,Fatal injury,1,2,6,4,1,2,0,2,1,7,7,4,5,8,5,2,1,4,0,3,0,0,0,1,1
9329,1,4,Fatal injury,1,2,4,4,3,1,0,2,9,17,4,2,5,2,1,2,1,2,0,1,0,2,0,1,1
9330,1,4,Fatal injury,1,2,1,4,5,5,0,3,2,10,9,3,5,2,5,2,1,0,0,3,0,3,0,2,1
9331,1,4,Fatal injury,1,2,1,4,0,3,0,2,0,13,7,4,5,8,5,2,1,2,0,0,0,0,0,0,1
9332,2,1,Slight Injury,21,6,2,4,0,5,0,2,9,5,6,2,5,8,5,4,7,2,0,3,3,0,0,0,1
9333,2,1,Slight Injury,21,6,2,1,5,5,1,3,16,5,4,2,5,2,5,4,7,5,0,3,3,3,0,2,1
9334,2,1,Slight Injury,8,6,2,5,5,0,1,3,0,11,4,2,5,2,5,2,0,0,0,3,0,3,3,2,1
9335,2,1,Slight Injury,8,6,2,4,1,5,3,2,1,0,7,2,5,8,5,2,0,2,0,3,0,0,3,1,1
9336,3,1,Slight Injury,11,3,2,4,0,3,1,2,16,0,3,2,5,8,5,2,7,2,0,1,0,0,3,0,1
9337,3,1,Slight Injury,11,3,1,3,5,5,2,3,14,0,6,2,5,8,5,2,7,1,0,3,0,3,3,2,1
9338,3,1,Slight Injury,11,3,2,4,1,1,0,2,13,11,2,2,5,2,5,2,7,4,0,3,0,0,3,1,1
9339,2,1,Slight Injury,7,6,4,4,0,2,1,2,12,4,3,2,7,8,5,2,1,4,0,1,0,0,3,0,1
9340,2,1,Slight Injury,7,6,0,4,5,3,0,3,1,8,6,2,5,8,5,2,1,6,0,3,0,3,3,2,1
9341,2,1,Slight Injury,10,6,1,1,1,1,0,2,9,4,7,4,0,8,5,2,7,2,0,3,0,0,3,1,1
9342,2,1,Slight Injury,10,6,1,1,1,0,3,2,0,8,6,7,5,6,5,2,7,4,0,3,0,2,3,0,1
9343,1,1,Slight Injury,8,6,2,1,5,1,0,3,11,13,6,4,7,8,5,2,1,2,0,3,0,3,3,2,1
9344,2,1,Serious Injury,15,6,2,4,3,5,1,2,10,4,7,4,3,8,5,2,0,0,0,3,0,0,3,1,1
9345,2,1,Serious Injury,15,6,6,5,0,0,1,2,12,17,6,7,6,1,5,2,0,4,0,3,0,0,3,1,1
9346,1,1,Slight Injury,11,5,3,4,0,5,2,2,10,17,9,2,5,8,6,2,1,4,0,3,0,2,3,1,1
9347,2,1,Slight Injury,4,0,3,4,0,5,0,2,10,5,7,2,5,8,5,2,1,2,0,3,0,0,0,1,1
9348,2,1,Slight Injury,4,0,3,4,5,1,1,3,9,7,6,2,5,8,5,2,1,0,0,3,0,3,0,2,1
9349,3,1,Slight Injury,16,4,6,4,1,2,4,2,1,7,6,2,7,8,5,2,1,4,0,3,0,1,3,1,0
9350,3,1,Slight Injury,16,4,2,4,0,5,0,2,11,0,6,9,5,2,5,2,1,6,0,4,0,0,3,1,1
9351,3,1,Slight Injury,16,4,1,4,5,2,1,3,9,7,7,2,6,8,5,2,1,2,0,3,0,3,3,2,1
9352,2,1,Slight Injury,7,1,2,1,5,5,1,3,7,0,2,2,5,8,5,2,7,4,0,3,0,3,3,2,1
9353,2,1,Slight Injury,7,1,1,4,1,5,1,2,16,10,4,2,5,8,5,2,7,4,0,3,0,0,3,0,1
9354,1,1,Serious Injury,5,3,2,2,1,0,3,2,14,5,6,2,5,8,5,2,1,0,0,3,3,0,3,1,1
9355,2,1,Serious Injury,12,6,3,4,0,5,1,2,1,17,2,2,5,2,5,4,7,4,0,3,3,0,3,1,1
9356,2,1,Serious Injury,12,6,1,4,0,5,0,2,8,0,6,3,5,8,5,4,7,4,0,3,3,1,3,0,1
9357,2,1,Slight Injury,19,0,1,1,5,5,1,3,13,17,6,2,5,2,5,2,0,6,0,3,0,3,3,2,1
9358,2,1,Slight Injury,19,0,3,2,0,5,1,2,0,5,9,2,5,8,5,2,0,2,0,3,0,0,3,1,1
9359,1,1,Slight Injury,23,3,0,1,5,2,4,3,1,17,6,9,5,6,5,2,0,2,0,3,0,3,0,2,0
9360,2,1,Slight Injury,15,4,3,4,1,2,2,2,11,5,9,2,5,8,5,2,1,4,0,3,0,0,3,1,1
9361,2,1,Slight Injury,15,4,6,5,5,1,2,3,15,15,6,2,5,8,5,2,1,0,0,3,0,3,3,2,1
9362,2,1,Slight Injury,11,3,2,4,0,1,2,2,0,5,6,2,5,8,1,2,6,0,0,3,0,2,3,0,1
9363,2,1,Slight Injury,11,3,2,0,0,5,1,2,12,5,7,2,5,8,5,2,6,2,0,4,0,0,3,0,1
9364,2,1,Slight Injury,9,0,2,4,1,5,0,2,1,7,7,2,5,8,5,2,0,2,0,3,0,0,3,0,1
9365,2,1,Slight Injury,9,0,3,4,1,3,1,2,10,14,9,2,5,1,5,2,0,2,0,3,0,0,3,1,1
9366,2,2,Slight Injury,18,2,0,4,5,5,0,3,11,14,2,3,5,6,5,2,1,2,2,3,0,3,3,2,1
9367,2,2,Slight Injury,18,2,1,4,2,5,0,2,10,5,2,2,5,8,5,2,1,0,0,0,0,0,3,1,1
9368,1,1,Slight Injury,8,1,4,4,5,1,0,3,12,5,9,2,5,6,5,2,7,0,0,3,0,3,3,2,1
9369,2,2,Slight Injury,8,6,3,4,0,5,1,1,13,7,6,2,6,8,5,2,7,2,0,3,0,0,3,1,1
9370,2,2,Slight Injury,8,6,0,4,5,2,0,3,3,0,6,2,6,8,5,2,7,2,0,3,0,3,3,2,1
9371,4,5,Slight Injury,17,3,2,0,1,1,1,2,0,17,9,3,5,8,5,2,0,2,0,3,0,0,3,1,1